overlap_length,model_pth_location
312,/content/convergent_overlaps_aa_change/aa_change_model_set/pytorch_overlap_model_20241024_aa_change_312.pth
311,/content/convergent_overlaps_aa_change/aa_change_model_set/pytorch_overlap_model_20241024_aa_change_311.pth
310,/content/convergent_overlaps_aa_change/aa_change_model_set/pytorch_overlap_model_20241024_aa_change_310.pth
309,/content/convergent_overlaps_aa_change/aa_change_model_set/pytorch_overlap_model_20241024_aa_change_309.pth
308,/content/convergent_overlaps_aa_change/aa_change_model_set/pytorch_overlap_model_20241024_aa_change_308.pth
307,/content/convergent_overlaps_aa_change/aa_change_model_set/pytorch_overlap_model_20241024_aa_change_307.pth
306,/content/convergent_overlaps_aa_change/aa_change_model_set/pytorch_overlap_model_20241024_aa_change_306.pth
305,/content/convergent_overlaps_aa_change/aa_change_model_set/pytorch_overlap_model_20241024_aa_change_305.pth
304,/content/convergent_overlaps_aa_change/aa_change_model_set/pytorch_overlap_model_20241024_aa_change_304.pth
303,/content/convergent_overlaps_aa_change/aa_change_model_set/pytorch_overlap_model_20241024_aa_change_303.pth
302,/content/convergent_overlaps_aa_change/aa_change_model_set/pytorch_overlap_model_20241024_aa_change_302.pth
301,/content/convergent_overlaps_aa_change/aa_change_model_set/pytorch_overlap_model_20241024_aa_change_301.pth
300,/content/convergent_overlaps_aa_change/aa_change_model_set/pytorch_overlap_model_20241024_aa_change_300.pth
299,/content/convergent_overlaps_aa_change/aa_change_model_set/pytorch_overlap_model_20241024_aa_change_299.pth
298,/content/convergent_overlaps_aa_change/aa_change_model_set/pytorch_overlap_model_20241024_aa_change_298.pth
297,/content/convergent_overlaps_aa_change/aa_change_model_set/pytorch_overlap_model_20241024_aa_change_297.pth
296,/content/convergent_overlaps_aa_change/aa_change_model_set/pytorch_overlap_model_20241024_aa_change_296.pth
295,/content/convergent_overlaps_aa_change/aa_change_model_set/pytorch_overlap_model_20241024_aa_change_295.pth
294,/content/convergent_overlaps_aa_change/aa_change_model_set/pytorch_overlap_model_20241024_aa_change_294.pth
293,/content/convergent_overlaps_aa_change/aa_change_model_set/pytorch_overlap_model_20241024_aa_change_293.pth
292,/content/convergent_overlaps_aa_change/aa_change_model_set/pytorch_overlap_model_20241024_aa_change_292.pth
291,/content/convergent_overlaps_aa_change/aa_change_model_set/pytorch_overlap_model_20241024_aa_change_291.pth
290,/content/convergent_overlaps_aa_change/aa_change_model_set/pytorch_overlap_model_20241024_aa_change_290.pth
289,/content/convergent_overlaps_aa_change/aa_change_model_set/pytorch_overlap_model_20241024_aa_change_289.pth
288,/content/convergent_overlaps_aa_change/aa_change_model_set/pytorch_overlap_model_20241024_aa_change_288.pth
287,/content/convergent_overlaps_aa_change/aa_change_model_set/pytorch_overlap_model_20241024_aa_change_287.pth
286,/content/convergent_overlaps_aa_change/aa_change_model_set/pytorch_overlap_model_20241024_aa_change_286.pth
285,/content/convergent_overlaps_aa_change/aa_change_model_set/pytorch_overlap_model_20241024_aa_change_285.pth
284,/content/convergent_overlaps_aa_change/aa_change_model_set/pytorch_overlap_model_20241024_aa_change_284.pth
283,/content/convergent_overlaps_aa_change/aa_change_model_set/pytorch_overlap_model_20241024_aa_change_283.pth
282,/content/convergent_overlaps_aa_change/aa_change_model_set/pytorch_overlap_model_20241024_aa_change_282.pth
281,/content/convergent_overlaps_aa_change/aa_change_model_set/pytorch_overlap_model_20241024_aa_change_281.pth
280,/content/convergent_overlaps_aa_change/aa_change_model_set/pytorch_overlap_model_20241024_aa_change_280.pth
279,/content/convergent_overlaps_aa_change/aa_change_model_set/pytorch_overlap_model_20241024_aa_change_279.pth
278,/content/convergent_overlaps_aa_change/aa_change_model_set/pytorch_overlap_model_20241024_aa_change_278.pth
277,/content/convergent_overlaps_aa_change/aa_change_model_set/pytorch_overlap_model_20241024_aa_change_277.pth
276,/content/convergent_overlaps_aa_change/aa_change_model_set/pytorch_overlap_model_20241024_aa_change_276.pth
275,/content/convergent_overlaps_aa_change/aa_change_model_set/pytorch_overlap_model_20241024_aa_change_275.pth
274,/content/convergent_overlaps_aa_change/aa_change_model_set/pytorch_overlap_model_20241024_aa_change_274.pth
273,/content/convergent_overlaps_aa_change/aa_change_model_set/pytorch_overlap_model_20241024_aa_change_273.pth
272,/content/convergent_overlaps_aa_change/aa_change_model_set/pytorch_overlap_model_20241024_aa_change_272.pth
271,/content/convergent_overlaps_aa_change/aa_change_model_set/pytorch_overlap_model_20241024_aa_change_271.pth
270,/content/convergent_overlaps_aa_change/aa_change_model_set/pytorch_overlap_model_20241024_aa_change_270.pth
269,/content/convergent_overlaps_aa_change/aa_change_model_set/pytorch_overlap_model_20241024_aa_change_269.pth
268,/content/convergent_overlaps_aa_change/aa_change_model_set/pytorch_overlap_model_20241024_aa_change_268.pth
267,/content/convergent_overlaps_aa_change/aa_change_model_set/pytorch_overlap_model_20241024_aa_change_267.pth
266,/content/convergent_overlaps_aa_change/aa_change_model_set/pytorch_overlap_model_20241024_aa_change_266.pth
265,/content/convergent_overlaps_aa_change/aa_change_model_set/pytorch_overlap_model_20241024_aa_change_265.pth
264,/content/convergent_overlaps_aa_change/aa_change_model_set/pytorch_overlap_model_20241024_aa_change_264.pth
263,/content/convergent_overlaps_aa_change/aa_change_model_set/pytorch_overlap_model_20241024_aa_change_263.pth
262,/content/convergent_overlaps_aa_change/aa_change_model_set/pytorch_overlap_model_20241024_aa_change_262.pth
261,/content/convergent_overlaps_aa_change/aa_change_model_set/pytorch_overlap_model_20241024_aa_change_261.pth
260,/content/convergent_overlaps_aa_change/aa_change_model_set/pytorch_overlap_model_20241024_aa_change_260.pth
259,/content/convergent_overlaps_aa_change/aa_change_model_set/pytorch_overlap_model_20241024_aa_change_259.pth
258,/content/convergent_overlaps_aa_change/aa_change_model_set/pytorch_overlap_model_20241024_aa_change_258.pth
257,/content/convergent_overlaps_aa_change/aa_change_model_set/pytorch_overlap_model_20241024_aa_change_257.pth
256,/content/convergent_overlaps_aa_change/aa_change_model_set/pytorch_overlap_model_20241024_aa_change_256.pth
255,/content/convergent_overlaps_aa_change/aa_change_model_set/pytorch_overlap_model_20241024_aa_change_255.pth
254,/content/convergent_overlaps_aa_change/aa_change_model_set/pytorch_overlap_model_20241024_aa_change_254.pth
253,/content/convergent_overlaps_aa_change/aa_change_model_set/pytorch_overlap_model_20241024_aa_change_253.pth
252,/content/convergent_overlaps_aa_change/aa_change_model_set/pytorch_overlap_model_20241024_aa_change_252.pth
251,/content/convergent_overlaps_aa_change/aa_change_model_set/pytorch_overlap_model_20241024_aa_change_251.pth
250,/content/convergent_overlaps_aa_change/aa_change_model_set/pytorch_overlap_model_20241024_aa_change_250.pth
249,/content/convergent_overlaps_aa_change/aa_change_model_set/pytorch_overlap_model_20241024_aa_change_249.pth
248,/content/convergent_overlaps_aa_change/aa_change_model_set/pytorch_overlap_model_20241024_aa_change_248.pth
247,/content/convergent_overlaps_aa_change/aa_change_model_set/pytorch_overlap_model_20241024_aa_change_247.pth
246,/content/convergent_overlaps_aa_change/aa_change_model_set/pytorch_overlap_model_20241024_aa_change_246.pth
245,/content/convergent_overlaps_aa_change/aa_change_model_set/pytorch_overlap_model_20241024_aa_change_245.pth
244,/content/convergent_overlaps_aa_change/aa_change_model_set/pytorch_overlap_model_20241024_aa_change_244.pth
243,/content/convergent_overlaps_aa_change/aa_change_model_set/pytorch_overlap_model_20241024_aa_change_243.pth
